[
{
   "model": "contenttypes.contenttype",
   "pk": 1,
   "fields": {
      "app_label": "admin",
      "model": "logentry"
   }
},
{
   "model": "contenttypes.contenttype",
   "pk": 2,
   "fields": {
      "app_label": "auth",
      "model": "permission"
   }
},
{
   "model": "contenttypes.contenttype",
   "pk": 3,
   "fields": {
      "app_label": "auth",
      "model": "group"
   }
},
{
   "model": "contenttypes.contenttype",
   "pk": 4,
   "fields": {
      "app_label": "auth",
      "model": "user"
   }
},
{
   "model": "contenttypes.contenttype",
   "pk": 5,
   "fields": {
      "app_label": "contenttypes",
      "model": "contenttype"
   }
},
{
   "model": "contenttypes.contenttype",
   "pk": 6,
   "fields": {
      "app_label": "sessions",
      "model": "session"
   }
},
{
   "model": "contenttypes.contenttype",
   "pk": 7,
   "fields": {
      "app_label": "landing",
      "model": "subscriber"
   }
},
{
   "model": "contenttypes.contenttype",
   "pk": 8,
   "fields": {
      "app_label": "sofas",
      "model": "sofacategory"
   }
},
{
   "model": "contenttypes.contenttype",
   "pk": 9,
   "fields": {
      "app_label": "sofas",
      "model": "sofa"
   }
},
{
   "model": "contenttypes.contenttype",
   "pk": 10,
   "fields": {
      "app_label": "sofas",
      "model": "sofaimage"
   }
},
{
   "model": "contenttypes.contenttype",
   "pk": 11,
   "fields": {
      "app_label": "about_us",
      "model": "about_usimage"
   }
},
{
   "model": "contenttypes.contenttype",
   "pk": 12,
   "fields": {
      "app_label": "about_us",
      "model": "about_us"
   }
},
{
   "model": "contenttypes.contenttype",
   "pk": 13,
   "fields": {
      "app_label": "guarantees",
      "model": "guarantees"
   }
},
{
   "model": "contenttypes.contenttype",
   "pk": 14,
   "fields": {
      "app_label": "contacts",
      "model": "contacts"
   }
},
{
   "model": "sessions.session",
   "pk": "cdo9bkhuq8keb01m23zhx27q0fvk8nf3",
   "fields": {
      "session_data": "ZDVhMzVmZjY0YzgzN2ZhOTIwMDU2YmFkNjE2MGI5ODY2MzMxNTY2NDp7fQ==",
      "expire_date": "2019-04-13T16:51:17.650Z"
   }
},
{
   "model": "sessions.session",
   "pk": "e7zk0mfegtfx6uuhkw71kpt2wntzc4wa",
   "fields": {
      "session_data": "ZDVhMzVmZjY0YzgzN2ZhOTIwMDU2YmFkNjE2MGI5ODY2MzMxNTY2NDp7fQ==",
      "expire_date": "2019-04-13T16:51:04.629Z"
   }
},
{
   "model": "sessions.session",
   "pk": "j7mugyd8bzw09x3kxx2ltecgrra2fu32",
   "fields": {
      "session_data": "MmRiM2E3NzIzYTAxNzRiYWU0MTkxMzc3NzFlNGI2OTFlY2M0ZmExODp7Il9hdXRoX3VzZXJfaWQiOiIxIiwiX2F1dGhfdXNlcl9iYWNrZW5kIjoiZGphbmdvLmNvbnRyaWIuYXV0aC5iYWNrZW5kcy5Nb2RlbEJhY2tlbmQiLCJfYXV0aF91c2VyX2hhc2giOiI1YWI0ZGFhNzdhZmM1Y2UyOTc4OGE4YTNmYjNkN2Q5OTFmNjY3NmRlIn0=",
      "expire_date": "2019-04-22T18:26:09.755Z"
   }
},
{
   "model": "sessions.session",
   "pk": "k3ydg6qi6orsy0m3tczp16q5iii5k3q7",
   "fields": {
      "session_data": "MmRiM2E3NzIzYTAxNzRiYWU0MTkxMzc3NzFlNGI2OTFlY2M0ZmExODp7Il9hdXRoX3VzZXJfaWQiOiIxIiwiX2F1dGhfdXNlcl9iYWNrZW5kIjoiZGphbmdvLmNvbnRyaWIuYXV0aC5iYWNrZW5kcy5Nb2RlbEJhY2tlbmQiLCJfYXV0aF91c2VyX2hhc2giOiI1YWI0ZGFhNzdhZmM1Y2UyOTc4OGE4YTNmYjNkN2Q5OTFmNjY3NmRlIn0=",
      "expire_date": "2019-04-15T15:06:18.634Z"
   }
},
{
   "model": "sessions.session",
   "pk": "lei14q8g3cpubtnfx0a8bnc1y76oc6z4",
   "fields": {
      "session_data": "MmRiM2E3NzIzYTAxNzRiYWU0MTkxMzc3NzFlNGI2OTFlY2M0ZmExODp7Il9hdXRoX3VzZXJfaWQiOiIxIiwiX2F1dGhfdXNlcl9iYWNrZW5kIjoiZGphbmdvLmNvbnRyaWIuYXV0aC5iYWNrZW5kcy5Nb2RlbEJhY2tlbmQiLCJfYXV0aF91c2VyX2hhc2giOiI1YWI0ZGFhNzdhZmM1Y2UyOTc4OGE4YTNmYjNkN2Q5OTFmNjY3NmRlIn0=",
      "expire_date": "2019-04-12T12:47:50.835Z"
   }
},
{
   "model": "sessions.session",
   "pk": "p6b74vj91sfb6rtosvj59ydcq8ha8r3t",
   "fields": {
      "session_data": "MmRiM2E3NzIzYTAxNzRiYWU0MTkxMzc3NzFlNGI2OTFlY2M0ZmExODp7Il9hdXRoX3VzZXJfaWQiOiIxIiwiX2F1dGhfdXNlcl9iYWNrZW5kIjoiZGphbmdvLmNvbnRyaWIuYXV0aC5iYWNrZW5kcy5Nb2RlbEJhY2tlbmQiLCJfYXV0aF91c2VyX2hhc2giOiI1YWI0ZGFhNzdhZmM1Y2UyOTc4OGE4YTNmYjNkN2Q5OTFmNjY3NmRlIn0=",
      "expire_date": "2019-04-17T09:19:11.910Z"
   }
},
{
   "model": "landing.subscriber",
   "pk": 1,
   "fields": {
      "email": "aspirpd@gmail.com",
      "created": "2019-03-29T12:50:43.382Z",
      "updated": "2019-03-29T12:50:43.382Z"
   }
},
{
   "model": "landing.subscriber",
   "pk": 3,
   "fields": {
      "email": "foe@gmail.com",
      "created": "2019-04-03T13:23:33.333Z",
      "updated": "2019-04-03T13:23:33.333Z"
   }
},
{
   "model": "sofas.sofacategory",
   "pk": 1,
   "fields": {
      "name": "\u041c\u0435\u0431\u0435\u043b\u044c",
      "is_active": true
   }
},
{
   "model": "sofas.sofa",
   "pk": 1,
   "fields": {
      "name": "\u041c\u0435\u0431\u0435\u043b\u044c 1",
      "category": 1,
      "price": "100500",
      "short_description": "\u041f\u0440\u0435\u043a\u0440\u0430\u0441\u043d\u044b\u0439 \u0434\u0438\u0432\u0430\u043d, \u0441\u043e\u0441\u0442\u0430\u0432: \u0434\u0435\u0440\u0435\u0432\u043e, \u043a\u043e\u0432\u043a\u0430 \u0438 \u0442\u0434 \u0438 \u0442\u043f",
      "description": "\u041f\u0440\u0435\u043a\u0440\u0430\u0441\u043d\u044b\u0439 \u0434\u0438\u0432\u0430\u043d, \u0441\u043e\u0441\u0442\u0430\u0432: \u0434\u0435\u0440\u0435\u0432\u043e, \u043a\u043e\u0432\u043a\u0430 \u0438 \u0442\u0434 \u0438 \u0442\u043f\u041f\u0440\u0435\u043a\u0440\u0430\u0441\u043d\u044b\u0439 \u0434\u0438\u0432\u0430\u043d, \u0441\u043e\u0441\u0442\u0430\u0432: \u0434\u0435\u0440\u0435\u0432\u043e, \u043a\u043e\u0432\u043a\u0430 \u0438 \u0442\u0434 \u0438 \u0442\u043f\u041f\u0440\u0435\u043a\u0440\u0430\u0441\u043d\u044b\u0439 \u0434\u0438\u0432\u0430\u043d, \u0441\u043e\u0441\u0442\u0430\u0432: \u0434\u0435\u0440\u0435\u0432\u043e, \u043a\u043e\u0432\u043a\u0430 \u0438 \u0442\u0434 \u0438 \u0442\u043f\u041f\u0440\u0435\u043a\u0440\u0430\u0441\u043d\u044b\u0439 \u0434\u0438\u0432\u0430\u043d, \u0441\u043e\u0441\u0442\u0430\u0432: \u0434\u0435\u0440\u0435\u0432\u043e, \u043a\u043e\u0432\u043a\u0430 \u0438 \u0442\u0434 \u0438 \u0442\u043f\u041f\u0440\u0435\u043a\u0440\u0430\u0441\u043d\u044b\u0439 \u0434\u0438\u0432\u0430\u043d, \u0441\u043e\u0441\u0442\u0430\u0432: \u0434\u0435\u0440\u0435\u0432\u043e, \u043a\u043e\u0432\u043a\u0430 \u0438 \u0442\u0434 \u0438 \u0442\u043f\u041f\u0440\u0435\u043a\u0440\u0430\u0441\u043d\u044b\u0439 \u0434\u0438\u0432\u0430\u043d, \u0441\u043e\u0441\u0442\u0430\u0432: \u0434\u0435\u0440\u0435\u0432\u043e, \u043a\u043e\u0432\u043a\u0430 \u0438 \u0442\u0434 \u0438 \u0442\u043f\u041f\u0440\u0435\u043a\u0440\u0430\u0441\u043d\u044b\u0439 \u0434\u0438\u0432\u0430\u043d, \u0441\u043e\u0441\u0442\u0430\u0432: \u0434\u0435\u0440\u0435\u0432\u043e, \u043a\u043e\u0432\u043a\u0430 \u0438 \u0442\u0434 \u0438 \u0442\u043f\u041f\u0440\u0435\u043a\u0440\u0430\u0441\u043d\u044b\u0439 \u0434\u0438\u0432\u0430\u043d, \u0441\u043e\u0441\u0442\u0430\u0432: \u0434\u0435\u0440\u0435\u0432\u043e, \u043a\u043e\u0432\u043a\u0430 \u0438 \u0442\u0434 \u0438 \u0442\u043f\u041f\u0440\u0435\u043a\u0440\u0430\u0441\u043d\u044b\u0439 \u0434\u0438\u0432\u0430\u043d, \u0441\u043e\u0441\u0442\u0430\u0432: \u0434\u0435\u0440\u0435\u0432\u043e, \u043a\u043e\u0432\u043a\u0430 \u0438 \u0442\u0434 \u0438 \u0442\u043f\u041f\u0440\u0435\u043a\u0440\u0430\u0441\u043d\u044b\u0439 \u0434\u0438\u0432\u0430\u043d, \u0441\u043e\u0441\u0442\u0430\u0432: \u0434\u0435\u0440\u0435\u0432\u043e, \u043a\u043e\u0432\u043a\u0430 \u0438 \u0442\u0434 \u0438 \u0442\u043f",
      "is_active": true,
      "created": "2019-03-29T12:47:55Z",
      "updated": "2019-03-29T12:47:55Z"
   }
},
{
   "model": "sofas.sofa",
   "pk": 2,
   "fields": {
      "name": "\u041c\u0435\u0431\u0435\u043b\u044c 2",
      "category": 1,
      "price": "1050",
      "short_description": "\u041a\u0440\u0430\u0441\u0438\u0432\u0430\u044f, \u0443\u0434\u043e\u0431\u043d\u0430\u044f, \u043c\u0438\u043b\u0430\u044f \u0438 \u0442\u0434 \u0438 \u0442\u043f",
      "description": "\u041a\u0440\u0430\u0441\u0438\u0432\u0430\u044f, \u0443\u0434\u043e\u0431\u043d\u0430\u044f, \u043c\u0438\u043b\u0430\u044f \u0438 \u0442\u0434 \u0438 \u0442\u043f\u041a\u0440\u0430\u0441\u0438\u0432\u0430\u044f, \u0443\u0434\u043e\u0431\u043d\u0430\u044f, \u043c\u0438\u043b\u0430\u044f \u0438 \u0442\u0434 \u0438 \u0442\u043f\u041a\u0440\u0430\u0441\u0438\u0432\u0430\u044f, \u0443\u0434\u043e\u0431\u043d\u0430\u044f, \u043c\u0438\u043b\u0430\u044f \u0438 \u0442\u0434 \u0438 \u0442\u043f\u041a\u0440\u0430\u0441\u0438\u0432\u0430\u044f, \u0443\u0434\u043e\u0431\u043d\u0430\u044f, \u043c\u0438\u043b\u0430\u044f \u0438 \u0442\u0434 \u0438 \u0442\u043f\u041a\u0440\u0430\u0441\u0438\u0432\u0430\u044f, \u0443\u0434\u043e\u0431\u043d\u0430\u044f, \u043c\u0438\u043b\u0430\u044f \u0438 \u0442\u0434 \u0438 \u0442\u043f\u041a\u0440\u0430\u0441\u0438\u0432\u0430\u044f, \u0443\u0434\u043e\u0431\u043d\u0430\u044f, \u043c\u0438\u043b\u0430\u044f \u0438 \u0442\u0434 \u0438 \u0442\u043f\u041a\u0440\u0430\u0441\u0438\u0432\u0430\u044f, \u0443\u0434\u043e\u0431\u043d\u0430\u044f, \u043c\u0438\u043b\u0430\u044f \u0438 \u0442\u0434 \u0438 \u0442\u043f",
      "is_active": true,
      "created": "2019-03-29T14:41:38Z",
      "updated": "2019-03-29T14:41:38Z"
   }
},
{
   "model": "sofas.sofa",
   "pk": 3,
   "fields": {
      "name": "\u041c\u0435\u0431\u0435\u043b\u044c 3",
      "category": 1,
      "price": "50000",
      "short_description": "\u041a\u0440\u0430\u0441\u0438\u0432\u0430\u044f, \u0443\u0434\u043e\u0431\u043d\u0430\u044f, \u043c\u0438\u043b\u0430\u044f \u0438 \u0442\u0434 \u0438 \u0442\u043f\u041a\u0440\u0430\u0441\u0438\u0432\u0430\u044f, \u0443\u0434\u043e\u0431\u043d\u0430",
      "description": "\u041a\u0440\u0430\u0441\u0438\u0432\u0430\u044f, \u0443\u0434\u043e\u0431\u043d\u0430\u044f, \u043c\u0438\u043b\u0430\u044f \u0438 \u0442\u0434 \u0438 \u0442\u043f\u041a\u0440\u0430\u0441\u0438\u0432\u0430\u044f, \u0443\u0434\u043e\u0431\u043d\u0430\u044f, \u043c\u0438\u043b\u0430\u044f \u0438 \u0442\u0434 \u0438 \u0442\u043f\u041a\u0440\u0430\u0441\u0438\u0432\u0430\u044f, \u0443\u0434\u043e\u0431\u043d\u0430\u044f, \u043c\u0438\u043b\u0430\u044f \u0438 \u0442\u0434 \u0438 \u0442\u043f\u041a\u0440\u0430\u0441\u0438\u0432\u0430\u044f, \u0443\u0434\u043e\u0431\u043d\u0430\u044f, \u043c\u0438\u043b\u0430\u044f \u0438 \u0442\u0434 \u0438 \u0442\u043f",
      "is_active": true,
      "created": "2019-03-29T14:43:58Z",
      "updated": "2019-03-29T14:43:58Z"
   }
},
{
   "model": "sofas.sofa",
   "pk": 4,
   "fields": {
      "name": "\u041c\u0435\u0431\u0435\u043b\u044c 3",
      "category": 1,
      "price": "9010800",
      "short_description": "\u041a\u0440\u0430\u0441\u0438\u0432\u0430\u044f, \u0443\u0434\u043e\u0431\u043d\u0430\u044f, \u043c\u0438\u043b\u0430\u044f \u0438 \u0442\u0434 \u0438 \u0442\u043f\u041a\u0440\u0430\u0441\u0438\u0432\u0430\u044f, \u0443\u0434\u043e\u0431\u043d\u0430",
      "description": "\u041a\u0440\u0430\u0441\u0438\u0432\u0430\u044f, \u0443\u0434\u043e\u0431\u043d\u0430\u044f, \u043c\u0438\u043b\u0430\u044f \u0438 \u0442\u0434 \u0438 \u0442\u043f\u041a\u0440\u0430\u0441\u0438\u0432\u0430\u044f, \u0443\u0434\u043e\u0431\u043d\u0430\u044f, \u043c\u0438\u043b\u0430\u044f \u0438 \u0442\u0434 \u0438 \u0442\u043f\u041a\u0440\u0430\u0441\u0438\u0432\u0430\u044f, \u0443\u0434\u043e\u0431\u043d\u0430\u044f, \u043c\u0438\u043b\u0430\u044f \u0438 \u0442\u0434 \u0438 \u0442\u043f\u041a\u0440\u0430\u0441\u0438\u0432\u0430\u044f, \u0443\u0434\u043e\u0431\u043d\u0430\u044f, \u043c\u0438\u043b\u0430\u044f \u0438 \u0442\u0434 \u0438 \u0442\u043f\u041a\u0440\u0430\u0441\u0438\u0432\u0430\u044f, \u0443\u0434\u043e\u0431\u043d\u0430\u044f, \u043c\u0438\u043b\u0430\u044f \u0438 \u0442\u0434 \u0438 \u0442\u043f",
      "is_active": true,
      "created": "2019-03-29T14:45:41Z",
      "updated": "2019-03-29T14:45:41Z"
   }
},
{
   "model": "sofas.sofa",
   "pk": 5,
   "fields": {
      "name": "\u041c\u0435\u0431\u0435\u043b\u044c 5",
      "category": 1,
      "price": "100600",
      "short_description": "\u041a\u0440\u0430\u0441\u0438\u0432\u0430\u044f, \u0443\u0434\u043e\u0431\u043d\u0430\u044f, \u043c\u0438\u043b\u0430\u044f \u0438 \u0442\u0434 \u0438 \u0442\u043f\u041a\u0440\u0430\u0441\u0438\u0432\u0430\u044f, \u0443\u0434\u043e\u0431\u043d\u0430",
      "description": "\u041a\u0440\u0430\u0441\u0438\u0432\u0430\u044f, \u0443\u0434\u043e\u0431\u043d\u0430\u044f, \u043c\u0438\u043b\u0430\u044f \u0438 \u0442\u0434 \u0438 \u0442\u043f\u041a\u0440\u0430\u0441\u0438\u0432\u0430\u044f, \u0443\u0434\u043e\u0431\u043d\u0430\u044f, \u043c\u0438\u043b\u0430\u044f \u0438 \u0442\u0434 \u0438 \u0442\u043f\u041a\u0440\u0430\u0441\u0438\u0432\u0430\u044f, \u0443\u0434\u043e\u0431\u043d\u0430\u044f, \u043c\u0438\u043b\u0430\u044f \u0438 \u0442\u0434 \u0438 \u0442\u043f",
      "is_active": true,
      "created": "2019-03-29T14:46:09Z",
      "updated": "2019-03-29T14:46:09Z"
   }
},
{
   "model": "sofas.sofa",
   "pk": 6,
   "fields": {
      "name": "\u041c\u0435\u0431\u0435\u043b\u044c 6",
      "category": 1,
      "price": "900666",
      "short_description": "\u041a\u0440\u0430\u0441\u0438\u0432\u0430\u044f, \u0443\u0434\u043e\u0431\u043d\u0430\u044f, \u043c\u0438\u043b\u0430\u044f \u0438 \u0442\u0434 \u0438 \u0442\u043f\u041a\u0440\u0430\u0441\u0438\u0432\u0430\u044f, \u0443\u0434\u043e\u0431\u043d\u0430",
      "description": "\u041a\u0440\u0430\u0441\u0438\u0432\u0430\u044f, \u0443\u0434\u043e\u0431\u043d\u0430\u044f, \u043c\u0438\u043b\u0430\u044f \u0438 \u0442\u0434 \u0438 \u0442\u043f\u041a\u0440\u0430\u0441\u0438\u0432\u0430\u044f, \u0443\u0434\u043e\u0431\u043d\u0430\u044f, \u043c\u0438\u043b\u0430\u044f \u0438 \u0442\u0434 \u0438 \u0442\u043f\u041a\u0440\u0430\u0441\u0438\u0432\u0430\u044f, \u0443\u0434\u043e\u0431\u043d\u0430\u044f, \u043c\u0438\u043b\u0430\u044f \u0438 \u0442\u0434 \u0438 \u0442\u043f",
      "is_active": true,
      "created": "2019-03-29T14:48:01Z",
      "updated": "2019-03-29T14:48:01Z"
   }
},
{
   "model": "sofas.sofa",
   "pk": 7,
   "fields": {
      "name": "\u0414\u0438\u0432\u0430\u043d 7",
      "category": 1,
      "price": "80000",
      "short_description": "\u041a\u0440\u0430\u0441\u0438\u0432\u044b\u0439, \u0434\u0435\u0448\u0435\u0432\u044b\u0439, \u044d\u043a\u0437\u043e\u0442\u0438\u0447\u0435\u0441\u043a\u0438\u0439 \u0431\u043b\u0430 \u0431\u043b\u0430 \u0431\u043b\u0430 \u0431\u043b\u0430",
      "description": "\u041a\u0440\u0430\u0441\u0438\u0432\u044b\u0439, \u0434\u0435\u0448\u0435\u0432\u044b\u0439, \u044d\u043a\u0437\u043e\u0442\u0438\u0447\u0435\u0441\u043a\u0438\u0439 \u0431\u043b\u0430 \u0431\u043b\u0430 \u0431\u043b\u0430 \u0431\u043b\u0430\u041a\u0440\u0430\u0441\u0438\u0432\u044b\u0439, \u0434\u0435\u0448\u0435\u0432\u044b\u0439, \u044d\u043a\u0437\u043e\u0442\u0438\u0447\u0435\u0441\u043a\u0438\u0439 \u0431\u043b\u0430 \u0431\u043b\u0430 \u0431\u043b\u0430 \u0431\u043b\u0430\u041a\u0440\u0430\u0441\u0438\u0432\u044b\u0439, \u0434\u0435\u0448\u0435\u0432\u044b\u0439, \u044d\u043a\u0437\u043e\u0442\u0438\u0447\u0435\u0441\u043a\u0438\u0439 \u0431\u043b\u0430 \u0431\u043b\u0430 \u0431\u043b\u0430 \u0431\u043b\u0430\u041a\u0440\u0430\u0441\u0438\u0432\u044b\u0439, \u0434\u0435\u0448\u0435\u0432\u044b\u0439, \u044d\u043a\u0437\u043e\u0442\u0438\u0447\u0435\u0441\u043a\u0438\u0439 \u0431\u043b\u0430 \u0431\u043b\u0430 \u0431\u043b\u0430 \u0431\u043b\u0430\u041a\u0440\u0430\u0441\u0438\u0432\u044b\u0439, \u0434\u0435\u0448\u0435\u0432\u044b\u0439, \u044d\u043a\u0437\u043e\u0442\u0438\u0447\u0435\u0441\u043a\u0438\u0439 \u0431\u043b\u0430 \u0431\u043b\u0430 \u0431\u043b\u0430 \u0431\u043b\u0430\u041a\u0440\u0430\u0441\u0438\u0432\u044b\u0439, \u0434\u0435\u0448\u0435\u0432\u044b\u0439, \u044d\u043a\u0437\u043e\u0442\u0438\u0447\u0435\u0441\u043a\u0438\u0439 \u0431\u043b\u0430 \u0431\u043b\u0430 \u0431\u043b\u0430 \u0431\u043b\u0430\u041a\u0440\u0430\u0441\u0438\u0432\u044b\u0439, \u0434\u0435\u0448\u0435\u0432\u044b\u0439, \u044d\u043a\u0437\u043e\u0442\u0438\u0447\u0435\u0441\u043a\u0438\u0439 \u0431\u043b\u0430 \u0431\u043b\u0430 \u0431\u043b\u0430 \u0431\u043b\u0430\u041a\u0440\u0430\u0441\u0438\u0432\u044b\u0439, \u0434\u0435\u0448\u0435\u0432\u044b\u0439, \u044d\u043a\u0437\u043e\u0442\u0438\u0447\u0435\u0441\u043a\u0438\u0439 \u0431\u043b\u0430 \u0431\u043b\u0430 \u0431\u043b\u0430 \u0431\u043b\u0430",
      "is_active": true,
      "created": "2019-03-31T17:39:55Z",
      "updated": "2019-03-31T17:39:55Z"
   }
},
{
   "model": "sofas.sofa",
   "pk": 8,
   "fields": {
      "name": "\u041c\u0435\u0431\u0435\u043b\u044c 8",
      "category": 1,
      "price": "75000",
      "short_description": "\u0422\u0435\u043a\u0441\u0442 \u0442\u0435\u043a\u0441\u0442 \u0442\u0435\u043a\u0441\u0442\u0422\u0435\u043a\u0441\u0442 \u0442\u0435\u043a\u0441\u0442 \u0442\u0435\u043a\u0441\u0442\u0422\u0435\u043a\u0441\u0442 \u0442\u0435\u043a\u0441\u0442 \u0442\u0435\u043a\u0441",
      "description": "\u0422\u0435\u043a\u0441\u0442 \u0442\u0435\u043a\u0441\u0442 \u0442\u0435\u043a\u0441\u0442\u0422\u0435\u043a\u0441\u0442 \u0442\u0435\u043a\u0441\u0442 \u0442\u0435\u043a\u0441\u0442\u0422\u0435\u043a\u0441\u0442 \u0442\u0435\u043a\u0441\u0442 \u0442\u0435\u043a\u0441\u0442\u0422\u0435\u043a\u0441\u0442 \u0442\u0435\u043a\u0441\u0442 \u0442\u0435\u043a\u0441\u0442\u0422\u0435\u043a\u0441\u0442 \u0442\u0435\u043a\u0441\u0442 \u0442\u0435\u043a\u0441\u0442\u0422\u0435\u043a\u0441\u0442 \u0442\u0435\u043a\u0441\u0442 \u0442\u0435\u043a\u0441\u0442\u0422\u0435\u043a\u0441\u0442 \u0442\u0435\u043a\u0441\u0442 \u0442\u0435\u043a\u0441\u0442\u0422\u0435\u043a\u0441\u0442 \u0442\u0435\u043a\u0441\u0442 \u0442\u0435\u043a\u0441\u0442\u0422\u0435\u043a\u0441\u0442 \u0442\u0435\u043a\u0441\u0442 \u0442\u0435\u043a\u0441\u0442\u0422\u0435\u043a\u0441\u0442 \u0442\u0435\u043a\u0441\u0442 \u0442\u0435\u043a\u0441\u0442\u0422\u0435\u043a\u0441\u0442 \u0442\u0435\u043a\u0441\u0442 \u0442\u0435\u043a\u0441\u0442\u0422\u0435\u043a\u0441\u0442 \u0442\u0435\u043a\u0441\u0442 \u0442\u0435\u043a\u0441\u0442\u0422\u0435\u043a\u0441\u0442 \u0442\u0435\u043a\u0441\u0442 \u0442\u0435\u043a\u0441\u0442",
      "is_active": true,
      "created": "2019-03-31T17:44:40Z",
      "updated": "2019-03-31T17:44:40Z"
   }
},
{
   "model": "sofas.sofa",
   "pk": 9,
   "fields": {
      "name": "\u041c\u0435\u0431\u0435\u043b\u044c 9",
      "category": 1,
      "price": "15000",
      "short_description": "\u041e\u043f\u0438\u0441\u0430\u043d\u0438\u0435 \u0434\u043b\u044f \u043c\u0435\u0431\u0435\u043b\u0438. \u041a\u0440\u0430\u0442\u043a\u043e\u0435 \u043e\u043f\u0438\u0441\u0430\u043d\u0438\u0435. \u042d\u0442\u043e \u0434\u043b\u044f \u0443\u0434\u043e",
      "description": "\u041f\u043e\u043b\u043d\u043e\u0435 \u043e\u043f\u0438\u0441\u0430\u043d\u0438\u044f \u0434\u043b\u044f \u043c\u0435\u0431\u0435\u043b\u0438. \u0417\u0434\u0435\u0441\u044c \u0412\u044b \u043c\u043e\u0436\u0435\u0442\u0435 \u0443\u043a\u0430\u0437\u0430\u0442\u044c \u0441\u043e\u0441\u0442\u0430\u0432, \u043f\u0440\u0435\u0438\u043c\u0443\u0449\u0435\u0441\u0442\u0432\u0430 \u0438 \u0442\u0434. \u0412\u0441\u0435 \u0447\u0442\u043e \u0443\u0433\u043e\u0434\u043d\u043e.",
      "is_active": true,
      "created": "2019-04-01T08:57:18Z",
      "updated": "2019-04-01T08:57:18Z"
   }
},
{
   "model": "sofas.sofa",
   "pk": 10,
   "fields": {
      "name": "Sofa_10",
      "category": 1,
      "price": "150000",
      "short_description": "\u041a\u0440\u0430\u0441\u0438\u0432\u0430\u044f \u0438 \u0442\u0434 \u0438 \u0442\u043f\u041a\u0440\u0430\u0441\u0438\u0432\u0430\u044f \u0438 \u0442\u0434 \u0438 \u0442\u043f\u041a\u0440\u0430\u0441\u0438\u0432\u0430\u044f \u0438 \u0442\u0434",
      "description": "\u041a\u0440\u0430\u0441\u0438\u0432\u0430\u044f \u0438 \u0442\u0434 \u0438 \u0442\u043f\u041a\u0440\u0430\u0441\u0438\u0432\u0430\u044f \u0438 \u0442\u0434 \u0438 \u0442\u043f\u041a\u0440\u0430\u0441\u0438\u0432\u0430\u044f \u0438 \u0442\u0434 \u0438 \u0442\u043f\u041a\u0440\u0430\u0441\u0438\u0432\u0430\u044f \u0438 \u0442\u0434 \u0438 \u0442\u043f\u041a\u0440\u0430\u0441\u0438\u0432\u0430\u044f \u0438 \u0442\u0434 \u0438 \u0442\u043f\u041a\u0440\u0430\u0441\u0438\u0432\u0430\u044f \u0438 \u0442\u0434 \u0438 \u0442\u043f\u041a\u0440\u0430\u0441\u0438\u0432\u0430\u044f \u0438 \u0442\u0434 \u0438 \u0442\u043f\u041a\u0440\u0430\u0441\u0438\u0432\u0430\u044f \u0438 \u0442\u0434 \u0438 \u0442\u043f\u041a\u0440\u0430\u0441\u0438\u0432\u0430\u044f \u0438 \u0442\u0434 \u0438 \u0442\u043f\u041a\u0440\u0430\u0441\u0438\u0432\u0430\u044f \u0438 \u0442\u0434 \u0438 \u0442\u043f\u041a\u0440\u0430\u0441\u0438\u0432\u0430\u044f \u0438 \u0442\u0434 \u0438 \u0442\u043f\u041a\u0440\u0430\u0441\u0438\u0432\u0430\u044f \u0438 \u0442\u0434 \u0438 \u0442\u043f\u041a\u0440\u0430\u0441\u0438\u0432\u0430\u044f \u0438 \u0442\u0434 \u0438 \u0442\u043f\u041a\u0440\u0430\u0441\u0438\u0432\u0430\u044f \u0438 \u0442\u0434 \u0438 \u0442\u043f\u041a\u0440\u0430\u0441\u0438\u0432\u0430\u044f \u0438 \u0442\u0434 \u0438 \u0442\u043f",
      "is_active": true,
      "created": "2019-04-03T09:22:12Z",
      "updated": "2019-04-03T09:22:12Z"
   }
},
{
   "model": "sofas.sofaimage",
   "pk": 2,
   "fields": {
      "Sofa": 2,
      "image": "sofa_images/IMG_5656.JPG",
      "is_main": true,
      "is_active": true,
      "created": "2019-03-29T14:41:38Z",
      "updated": "2019-03-29T14:41:38Z"
   }
},
{
   "model": "sofas.sofaimage",
   "pk": 3,
   "fields": {
      "Sofa": 3,
      "image": "sofa_images/IMG_5670.JPG",
      "is_main": true,
      "is_active": true,
      "created": "2019-03-29T14:43:58Z",
      "updated": "2019-03-29T14:43:58Z"
   }
},
{
   "model": "sofas.sofaimage",
   "pk": 4,
   "fields": {
      "Sofa": 1,
      "image": "sofa_images/IMG_5667.JPG",
      "is_main": true,
      "is_active": true,
      "created": "2019-03-29T14:45:01Z",
      "updated": "2019-03-29T14:45:01Z"
   }
},
{
   "model": "sofas.sofaimage",
   "pk": 5,
   "fields": {
      "Sofa": 4,
      "image": "sofa_images/IMG_5738.JPG",
      "is_main": true,
      "is_active": true,
      "created": "2019-03-29T14:45:41Z",
      "updated": "2019-03-29T14:45:41Z"
   }
},
{
   "model": "sofas.sofaimage",
   "pk": 6,
   "fields": {
      "Sofa": 5,
      "image": "sofa_images/IMG_5764.JPG",
      "is_main": true,
      "is_active": true,
      "created": "2019-03-29T14:46:09Z",
      "updated": "2019-03-29T14:46:09Z"
   }
},
{
   "model": "sofas.sofaimage",
   "pk": 7,
   "fields": {
      "Sofa": 5,
      "image": "sofa_images/IMG_5766.JPG",
      "is_main": false,
      "is_active": true,
      "created": "2019-03-29T14:46:09Z",
      "updated": "2019-03-29T14:46:09Z"
   }
},
{
   "model": "sofas.sofaimage",
   "pk": 8,
   "fields": {
      "Sofa": 5,
      "image": "sofa_images/IMG_5769.JPG",
      "is_main": false,
      "is_active": true,
      "created": "2019-03-29T14:46:09Z",
      "updated": "2019-03-29T14:46:09Z"
   }
},
{
   "model": "sofas.sofaimage",
   "pk": 9,
   "fields": {
      "Sofa": 6,
      "image": "sofa_images/IMG_5887.JPG",
      "is_main": true,
      "is_active": true,
      "created": "2019-03-29T14:48:01Z",
      "updated": "2019-03-29T14:48:01Z"
   }
},
{
   "model": "sofas.sofaimage",
   "pk": 10,
   "fields": {
      "Sofa": 6,
      "image": "sofa_images/IMG_5888.JPG",
      "is_main": false,
      "is_active": true,
      "created": "2019-03-29T14:48:01Z",
      "updated": "2019-03-29T14:48:01Z"
   }
},
{
   "model": "sofas.sofaimage",
   "pk": 11,
   "fields": {
      "Sofa": 6,
      "image": "sofa_images/IMG_5889.JPG",
      "is_main": false,
      "is_active": true,
      "created": "2019-03-29T14:48:01Z",
      "updated": "2019-03-29T14:48:01Z"
   }
},
{
   "model": "sofas.sofaimage",
   "pk": 12,
   "fields": {
      "Sofa": 7,
      "image": "sofa_images/IMG_5793.JPG",
      "is_main": true,
      "is_active": true,
      "created": "2019-03-31T17:39:55Z",
      "updated": "2019-03-31T17:39:55Z"
   }
},
{
   "model": "sofas.sofaimage",
   "pk": 13,
   "fields": {
      "Sofa": 7,
      "image": "sofa_images/IMG_5848.JPG",
      "is_main": false,
      "is_active": true,
      "created": "2019-03-31T17:39:55Z",
      "updated": "2019-03-31T17:39:55Z"
   }
},
{
   "model": "sofas.sofaimage",
   "pk": 14,
   "fields": {
      "Sofa": 7,
      "image": "sofa_images/IMG_5672.JPG",
      "is_main": false,
      "is_active": true,
      "created": "2019-03-31T17:39:55Z",
      "updated": "2019-03-31T17:39:55Z"
   }
},
{
   "model": "sofas.sofaimage",
   "pk": 15,
   "fields": {
      "Sofa": 8,
      "image": "sofa_images/IMG_5887_0b3rVY4.JPG",
      "is_main": true,
      "is_active": true,
      "created": "2019-03-31T17:44:40Z",
      "updated": "2019-03-31T17:44:40Z"
   }
},
{
   "model": "sofas.sofaimage",
   "pk": 16,
   "fields": {
      "Sofa": 8,
      "image": "sofa_images/IMG_5888_n1GRzpn.JPG",
      "is_main": false,
      "is_active": true,
      "created": "2019-03-31T17:44:40Z",
      "updated": "2019-03-31T17:44:40Z"
   }
},
{
   "model": "sofas.sofaimage",
   "pk": 17,
   "fields": {
      "Sofa": 8,
      "image": "sofa_images/IMG_5889_Qj7k8qH.JPG",
      "is_main": false,
      "is_active": true,
      "created": "2019-03-31T17:44:40Z",
      "updated": "2019-03-31T17:44:40Z"
   }
},
{
   "model": "sofas.sofaimage",
   "pk": 18,
   "fields": {
      "Sofa": 9,
      "image": "sofa_images/IMG_5703__\u043a\u043e\u043f\u0438\u044f.JPG",
      "is_main": false,
      "is_active": true,
      "created": "2019-04-01T08:57:18Z",
      "updated": "2019-04-01T08:57:18Z"
   }
},
{
   "model": "sofas.sofaimage",
   "pk": 19,
   "fields": {
      "Sofa": 9,
      "image": "sofa_images/IMG_5706__\u043a\u043e\u043f\u0438\u044f.JPG",
      "is_main": true,
      "is_active": true,
      "created": "2019-04-01T08:57:18Z",
      "updated": "2019-04-01T08:57:18Z"
   }
},
{
   "model": "sofas.sofaimage",
   "pk": 20,
   "fields": {
      "Sofa": 9,
      "image": "sofa_images/IMG_5705__\u043a\u043e\u043f\u0438\u044f.JPG",
      "is_main": false,
      "is_active": true,
      "created": "2019-04-01T08:57:18Z",
      "updated": "2019-04-01T08:57:18Z"
   }
},
{
   "model": "sofas.sofaimage",
   "pk": 21,
   "fields": {
      "Sofa": 9,
      "image": "sofa_images/IMG_5708.JPG",
      "is_main": false,
      "is_active": true,
      "created": "2019-04-01T08:57:18Z",
      "updated": "2019-04-01T08:57:18Z"
   }
},
{
   "model": "sofas.sofaimage",
   "pk": 22,
   "fields": {
      "Sofa": 10,
      "image": "sofa_images/IMG_5871.JPG",
      "is_main": true,
      "is_active": true,
      "created": "2019-04-03T09:22:12Z",
      "updated": "2019-04-03T09:22:12Z"
   }
},
{
   "model": "sofas.sofaimage",
   "pk": 23,
   "fields": {
      "Sofa": 10,
      "image": "sofa_images/IMG_5780.JPG",
      "is_main": false,
      "is_active": true,
      "created": "2019-04-03T09:22:12Z",
      "updated": "2019-04-03T09:22:12Z"
   }
},
{
   "model": "sofas.sofaimage",
   "pk": 24,
   "fields": {
      "Sofa": 10,
      "image": "sofa_images/IMG_5844.JPG",
      "is_main": false,
      "is_active": true,
      "created": "2019-04-03T09:22:12Z",
      "updated": "2019-04-03T09:22:12Z"
   }
},
{
   "model": "sofas.sofaimage",
   "pk": 25,
   "fields": {
      "Sofa": 10,
      "image": "sofa_images/IMG_5889_TWl19jE.JPG",
      "is_main": false,
      "is_active": true,
      "created": "2019-04-03T13:07:21Z",
      "updated": "2019-04-03T13:07:21Z"
   }
},
{
   "model": "about_us.about_us",
   "pk": 1,
   "fields": {
      "description": "\u0417\u0434\u0435\u0441\u044c \u0412\u044b \u043c\u043e\u0436\u0435\u0442\u0435 \u043f\u0438\u0441\u0430\u0442\u044c \u0441\u0432\u043e\u0439 \u0442\u0435\u043a\u0441\u0442 \u043e \u043a\u043e\u043c\u043f\u0430\u043d\u0438\u0438. \u0427\u0438\u0441\u043b\u043e \u0441\u0438\u043c\u0432\u043e\u043b\u043e\u0432 \u043d\u0435 \u043e\u0433\u0440\u0430\u043d\u0438\u0447\u0435\u043d\u043e. \u0422\u0415\u041a\u0421\u0422 \u0422\u0415\u041a\u0421\u0422 \u0422\u0415\u041a\u0421\u0422\u0415\u041a\u0421\u0422 \u0422\u0415\u041a\u0421\u0422 \u0422\u0415\u041a\u0421\u0422\u0415\u041a\u0421\u0422 \u0422\u0415\u041a\u0421\u0422 \u0422\u0415\u041a\u0421\u0422\u0415\u041a\u0421\u0422 \u0422\u0415\u041a\u0421\u0422 \u0422\u0415\u041a\u0421\u0422\u0415\u041a\u0421\u0422 \u0422\u0415\u041a\u0421\u0422 \u0422\u0415\u041a\u0421\u0422\u0415\u041a\u0421\u0422 \u0422\u0415\u041a\u0421\u0422 \u0422\u0415\u041a\u0421\u0422\u0415\u041a\u0421\u0422 \u0422\u0415\u041a\u0421\u0422 \u0422\u0415\u041a\u0421\u0422\u0415\u041a\u0421\u0422 \u0422\u0415\u041a\u0421\u0422 \u0422\u0415\u041a\u0421\u0422\u0415\u041a\u0421\u0422 \u0422\u0415\u041a\u0421\u0422 \u0422\u0415\u041a\u0421\u0422\u0415\u041a\u0421\u0422 \u0422\u0415\u041a\u0421\u0422 \u0422\u0415\u041a\u0421\u0422\u0415\u041a\u0421\u0422 \u0422\u0415\u041a\u0421\u0422 \u0422\u0415\u041a\u0421",
      "is_active": true,
      "created": "2019-04-08T17:03:01Z",
      "updated": "2019-04-08T17:03:01Z"
   }
},
{
   "model": "about_us.about_usimage",
   "pk": 1,
   "fields": {
      "About_us": 1,
      "image": "about_us_images/about_us_1.jpg",
      "is_main": true,
      "is_active": true,
      "created": "2019-04-08T17:03:01Z",
      "updated": "2019-04-08T17:03:01Z"
   }
},
{
   "model": "guarantees.guarantees",
   "pk": 1,
   "fields": {
      "description": "\u0417\u0434\u0435\u0441\u044c \u0412\u044b \u043c\u043e\u0436\u0435\u0442\u0435 \u043d\u0430\u043f\u0438\u0441\u0430\u0442\u044c \u0433\u0430\u0440\u0430\u043d\u0442\u0438\u0438, \u043a\u043e\u0442\u043e\u0440\u044b\u0435 \u0445\u043e\u0442\u0435\u043b\u0438. \u0422\u043e, \u0447\u0442\u043e \u0437\u0434\u0435\u0441\u044c \u0431\u0443\u0434\u0435\u0442 \u043d\u0430\u043f\u0438\u0441\u0430\u043d\u043e, \u0442\u043e \u0438 \u043f\u043e\u043f\u0430\u0434\u0435\u0442 \u043d\u0430 \u0441\u0430\u0439\u0442. \u0411\u0443\u0434\u044c\u0442\u0435 \u0432\u043d\u0438\u043c\u0430\u0442\u0435\u043b\u044c\u043d\u044b! \u0422\u0415\u041a\u0421\u0422 \u0422\u0415\u041a\u0421\u0422 \u0422\u0415\u041a\u0421\u0422 \u0422\u0415\u041a\u0421\u0422 \u0422\u0415\u041a\u0421\u0422 \u0422\u0415\u041a\u0421\u0422 \u0422\u0415\u041a\u0421\u0422 \u0422\u0415\u041a\u0421\u0422 \u0422\u0415\u041a\u0421\u0422 \u0422\u0415\u041a\u0421\u0422 \u0422\u0415\u041a\u0421\u0422 \u0422\u0415\u041a\u0421\u0422 \u0422\u0415\u041a\u0421\u0422 \u0422\u0415\u041a\u0421\u0422 \u0422\u0415\u041a\u0421\u0422 \u0422\u0415\u041a\u0421\u0422 \u0422\u0415\u041a\u0421\u0422 \u0422\u0415\u041a\u0421\u0422 \u0422\u0415\u041a\u0421\u0422 \u0422\u0415\u041a\u0421\u0422 \u0422\u0415\u041a\u0421\u0422 \u0422\u0415\u041a\u0421\u0422 \u0422\u0415\u041a\u0421\u0422 \u0422\u0415\u041a\u0421\u0422 \u0422\u0415\u041a\u0421\u0422 \u0422\u0415\u041a\u0421\u0422 \u0422\u0415\u041a\u0421\u0422 \u0422\u0415\u041a\u0421\u0422 \u0422\u0415\u041a\u0421\u0422",
      "is_active": true,
      "created": "2019-04-08T18:12:01Z",
      "updated": "2019-04-08T18:12:01Z"
   }
},
{
   "model": "contacts.contacts",
   "pk": 1,
   "fields": {
      "email": "echo@gmail.com",
      "phone": "8-950-879-9999",
      "description": "\u0417\u0434\u0435\u0441\u044c \u043c\u043e\u0436\u043d\u043e \u043d\u0430\u043f\u0438\u0441\u0430\u0442\u044c \u0442\u0435\u043a\u0441\u0442, \u043a\u043e\u0442\u043e\u0440\u044b\u0439 \u0431\u0443\u0434\u0435\u0442 \u043e\u043b\u0438\u0446\u0435\u0442\u0432\u043e\u0440\u044f\u0442\u044c \u0412\u0430\u0448\u0438 \u043a\u043e\u043d\u0442\u0430\u043a\u0442\u044b \u0438\u043b\u0438 \u043f\u0440\u043e\u0447\u0443\u044e \u0438\u043d\u0444\u043e\u0440\u043c\u0430\u0446\u0438\u044e \u043f\u043e \u0412\u0430\u0448\u0435\u043c\u0443 \u0443\u0441\u043c\u043e\u0442\u0440\u0435\u043d\u0438\u044e. \u0422\u0415\u041a\u0421\u0422 \u0422\u0415\u041a\u0421\u0422 \u0422\u0415\u041a\u0421\u0422 \u0422\u0415\u041a\u0421\u0422 \u0422\u0415\u041a\u0421\u0422 \u0422\u0415\u041a\u0421\u0422 \u0422\u0415\u041a\u0421\u0422 \u0422\u0415\u041a\u0421\u0422 \u0422\u0415\u041a\u0421\u0422 \u0422\u0415\u041a\u0421\u0422 \u0422\u0415\u041a\u0421\u0422 \u0422\u0415\u041a\u0421\u0422 \u0422\u0415\u041a\u0421\u0422 \u0422\u0415\u041a\u0421\u0422 \u0422\u0415\u041a\u0421\u0422 \u0422\u0415\u041a\u0421\u0422 \u0422\u0415\u041a\u0421\u0422 \u0422\u0415\u041a\u0421\u0422 \u0422\u0415\u041a\u0421\u0422 \u0422\u0415\u041a\u0421\u0422 \u0422\u0415\u041a\u0421\u0422 \u0422\u0415\u041a\u0421\u0422 \u0422\u0415\u041a\u0421\u0422 \u0422\u0415\u041a\u0421\u0422 \u0422\u0415\u041a\u0421\u0422 \u0422\u0415\u041a\u0421\u0422 \u0422\u0415\u041a\u0421\u0422 \u0422\u0415\u041a\u0421\u0422 \u0422\u0415\u041a\u0421\u0422 \u0422\u0415\u041a\u0421\u0422 \u0422\u0415\u041a\u0421\u0422 \u0422\u0415\u041a\u0421\u0422 \u0422\u0415\u041a\u0421\u0422 \u0422\u0415\u041a\u0421\u0422 \u0422\u0415\u041a\u0421\u0422 \u0422\u0415\u041a\u0421\u0422 \u0422\u0415\u041a\u0421\u0422 \u0422\u0415\u041a\u0421\u0422 \u0422\u0415\u041a\u0421\u0422 \u0422\u0415\u041a\u0421\u0422",
      "is_active": true,
      "created": "2019-04-08T18:44:55Z",
      "updated": "2019-04-08T18:44:55Z"
   }
},
{
   "model": "auth.permission",
   "pk": 1,
   "fields": {
      "name": "Can add log entry",
      "content_type": 1,
      "codename": "add_logentry"
   }
},
{
   "model": "auth.permission",
   "pk": 2,
   "fields": {
      "name": "Can change log entry",
      "content_type": 1,
      "codename": "change_logentry"
   }
},
{
   "model": "auth.permission",
   "pk": 3,
   "fields": {
      "name": "Can delete log entry",
      "content_type": 1,
      "codename": "delete_logentry"
   }
},
{
   "model": "auth.permission",
   "pk": 4,
   "fields": {
      "name": "Can view log entry",
      "content_type": 1,
      "codename": "view_logentry"
   }
},
{
   "model": "auth.permission",
   "pk": 5,
   "fields": {
      "name": "Can add permission",
      "content_type": 2,
      "codename": "add_permission"
   }
},
{
   "model": "auth.permission",
   "pk": 6,
   "fields": {
      "name": "Can change permission",
      "content_type": 2,
      "codename": "change_permission"
   }
},
{
   "model": "auth.permission",
   "pk": 7,
   "fields": {
      "name": "Can delete permission",
      "content_type": 2,
      "codename": "delete_permission"
   }
},
{
   "model": "auth.permission",
   "pk": 8,
   "fields": {
      "name": "Can view permission",
      "content_type": 2,
      "codename": "view_permission"
   }
},
{
   "model": "auth.permission",
   "pk": 9,
   "fields": {
      "name": "Can add group",
      "content_type": 3,
      "codename": "add_group"
   }
},
{
   "model": "auth.permission",
   "pk": 10,
   "fields": {
      "name": "Can change group",
      "content_type": 3,
      "codename": "change_group"
   }
},
{
   "model": "auth.permission",
   "pk": 11,
   "fields": {
      "name": "Can delete group",
      "content_type": 3,
      "codename": "delete_group"
   }
},
{
   "model": "auth.permission",
   "pk": 12,
   "fields": {
      "name": "Can view group",
      "content_type": 3,
      "codename": "view_group"
   }
},
{
   "model": "auth.permission",
   "pk": 13,
   "fields": {
      "name": "Can add user",
      "content_type": 4,
      "codename": "add_user"
   }
},
{
   "model": "auth.permission",
   "pk": 14,
   "fields": {
      "name": "Can change user",
      "content_type": 4,
      "codename": "change_user"
   }
},
{
   "model": "auth.permission",
   "pk": 15,
   "fields": {
      "name": "Can delete user",
      "content_type": 4,
      "codename": "delete_user"
   }
},
{
   "model": "auth.permission",
   "pk": 16,
   "fields": {
      "name": "Can view user",
      "content_type": 4,
      "codename": "view_user"
   }
},
{
   "model": "auth.permission",
   "pk": 17,
   "fields": {
      "name": "Can add content type",
      "content_type": 5,
      "codename": "add_contenttype"
   }
},
{
   "model": "auth.permission",
   "pk": 18,
   "fields": {
      "name": "Can change content type",
      "content_type": 5,
      "codename": "change_contenttype"
   }
},
{
   "model": "auth.permission",
   "pk": 19,
   "fields": {
      "name": "Can delete content type",
      "content_type": 5,
      "codename": "delete_contenttype"
   }
},
{
   "model": "auth.permission",
   "pk": 20,
   "fields": {
      "name": "Can view content type",
      "content_type": 5,
      "codename": "view_contenttype"
   }
},
{
   "model": "auth.permission",
   "pk": 21,
   "fields": {
      "name": "Can add session",
      "content_type": 6,
      "codename": "add_session"
   }
},
{
   "model": "auth.permission",
   "pk": 22,
   "fields": {
      "name": "Can change session",
      "content_type": 6,
      "codename": "change_session"
   }
},
{
   "model": "auth.permission",
   "pk": 23,
   "fields": {
      "name": "Can delete session",
      "content_type": 6,
      "codename": "delete_session"
   }
},
{
   "model": "auth.permission",
   "pk": 24,
   "fields": {
      "name": "Can view session",
      "content_type": 6,
      "codename": "view_session"
   }
},
{
   "model": "auth.permission",
   "pk": 25,
   "fields": {
      "name": "Can add \u041f\u043e\u0434\u043f\u0438\u0441\u0447\u0438\u043a",
      "content_type": 7,
      "codename": "add_subscriber"
   }
},
{
   "model": "auth.permission",
   "pk": 26,
   "fields": {
      "name": "Can change \u041f\u043e\u0434\u043f\u0438\u0441\u0447\u0438\u043a",
      "content_type": 7,
      "codename": "change_subscriber"
   }
},
{
   "model": "auth.permission",
   "pk": 27,
   "fields": {
      "name": "Can delete \u041f\u043e\u0434\u043f\u0438\u0441\u0447\u0438\u043a",
      "content_type": 7,
      "codename": "delete_subscriber"
   }
},
{
   "model": "auth.permission",
   "pk": 28,
   "fields": {
      "name": "Can view \u041f\u043e\u0434\u043f\u0438\u0441\u0447\u0438\u043a",
      "content_type": 7,
      "codename": "view_subscriber"
   }
},
{
   "model": "auth.permission",
   "pk": 29,
   "fields": {
      "name": "Can add \u041a\u0430\u0442\u0435\u0433\u043e\u0440\u0438\u044f \u043c\u0435\u0431\u0435\u043b\u0438",
      "content_type": 8,
      "codename": "add_sofacategory"
   }
},
{
   "model": "auth.permission",
   "pk": 30,
   "fields": {
      "name": "Can change \u041a\u0430\u0442\u0435\u0433\u043e\u0440\u0438\u044f \u043c\u0435\u0431\u0435\u043b\u0438",
      "content_type": 8,
      "codename": "change_sofacategory"
   }
},
{
   "model": "auth.permission",
   "pk": 31,
   "fields": {
      "name": "Can delete \u041a\u0430\u0442\u0435\u0433\u043e\u0440\u0438\u044f \u043c\u0435\u0431\u0435\u043b\u0438",
      "content_type": 8,
      "codename": "delete_sofacategory"
   }
},
{
   "model": "auth.permission",
   "pk": 32,
   "fields": {
      "name": "Can view \u041a\u0430\u0442\u0435\u0433\u043e\u0440\u0438\u044f \u043c\u0435\u0431\u0435\u043b\u0438",
      "content_type": 8,
      "codename": "view_sofacategory"
   }
},
{
   "model": "auth.permission",
   "pk": 33,
   "fields": {
      "name": "Can add \u041c\u0435\u0431\u0435\u043b\u044c",
      "content_type": 9,
      "codename": "add_sofa"
   }
},
{
   "model": "auth.permission",
   "pk": 34,
   "fields": {
      "name": "Can change \u041c\u0435\u0431\u0435\u043b\u044c",
      "content_type": 9,
      "codename": "change_sofa"
   }
},
{
   "model": "auth.permission",
   "pk": 35,
   "fields": {
      "name": "Can delete \u041c\u0435\u0431\u0435\u043b\u044c",
      "content_type": 9,
      "codename": "delete_sofa"
   }
},
{
   "model": "auth.permission",
   "pk": 36,
   "fields": {
      "name": "Can view \u041c\u0435\u0431\u0435\u043b\u044c",
      "content_type": 9,
      "codename": "view_sofa"
   }
},
{
   "model": "auth.permission",
   "pk": 37,
   "fields": {
      "name": "Can add \u0424\u043e\u0442\u043e\u0433\u0440\u0430\u0444\u0438\u044f \u043c\u0435\u0431\u0435\u043b\u0438",
      "content_type": 10,
      "codename": "add_sofaimage"
   }
},
{
   "model": "auth.permission",
   "pk": 38,
   "fields": {
      "name": "Can change \u0424\u043e\u0442\u043e\u0433\u0440\u0430\u0444\u0438\u044f \u043c\u0435\u0431\u0435\u043b\u0438",
      "content_type": 10,
      "codename": "change_sofaimage"
   }
},
{
   "model": "auth.permission",
   "pk": 39,
   "fields": {
      "name": "Can delete \u0424\u043e\u0442\u043e\u0433\u0440\u0430\u0444\u0438\u044f \u043c\u0435\u0431\u0435\u043b\u0438",
      "content_type": 10,
      "codename": "delete_sofaimage"
   }
},
{
   "model": "auth.permission",
   "pk": 40,
   "fields": {
      "name": "Can view \u0424\u043e\u0442\u043e\u0433\u0440\u0430\u0444\u0438\u044f \u043c\u0435\u0431\u0435\u043b\u0438",
      "content_type": 10,
      "codename": "view_sofaimage"
   }
},
{
   "model": "auth.permission",
   "pk": 41,
   "fields": {
      "name": "Can add \u0424\u043e\u0442\u043e\u0433\u0440\u0430\u0444\u0438\u044f \u043a \u0432\u043a\u043b\u0430\u0434\u043a\u0435 \"\u041e \u043a\u043e\u043c\u043f\u0430\u043d\u0438\u0438\"",
      "content_type": 11,
      "codename": "add_about_usimage"
   }
},
{
   "model": "auth.permission",
   "pk": 42,
   "fields": {
      "name": "Can change \u0424\u043e\u0442\u043e\u0433\u0440\u0430\u0444\u0438\u044f \u043a \u0432\u043a\u043b\u0430\u0434\u043a\u0435 \"\u041e \u043a\u043e\u043c\u043f\u0430\u043d\u0438\u0438\"",
      "content_type": 11,
      "codename": "change_about_usimage"
   }
},
{
   "model": "auth.permission",
   "pk": 43,
   "fields": {
      "name": "Can delete \u0424\u043e\u0442\u043e\u0433\u0440\u0430\u0444\u0438\u044f \u043a \u0432\u043a\u043b\u0430\u0434\u043a\u0435 \"\u041e \u043a\u043e\u043c\u043f\u0430\u043d\u0438\u0438\"",
      "content_type": 11,
      "codename": "delete_about_usimage"
   }
},
{
   "model": "auth.permission",
   "pk": 44,
   "fields": {
      "name": "Can view \u0424\u043e\u0442\u043e\u0433\u0440\u0430\u0444\u0438\u044f \u043a \u0432\u043a\u043b\u0430\u0434\u043a\u0435 \"\u041e \u043a\u043e\u043c\u043f\u0430\u043d\u0438\u0438\"",
      "content_type": 11,
      "codename": "view_about_usimage"
   }
},
{
   "model": "auth.permission",
   "pk": 45,
   "fields": {
      "name": "Can add \u041e \u043a\u043e\u043c\u043f\u0430\u043d\u0438\u0438 (\u0437\u0430\u043f\u0438\u0441\u044c)",
      "content_type": 12,
      "codename": "add_about_us"
   }
},
{
   "model": "auth.permission",
   "pk": 46,
   "fields": {
      "name": "Can change \u041e \u043a\u043e\u043c\u043f\u0430\u043d\u0438\u0438 (\u0437\u0430\u043f\u0438\u0441\u044c)",
      "content_type": 12,
      "codename": "change_about_us"
   }
},
{
   "model": "auth.permission",
   "pk": 47,
   "fields": {
      "name": "Can delete \u041e \u043a\u043e\u043c\u043f\u0430\u043d\u0438\u0438 (\u0437\u0430\u043f\u0438\u0441\u044c)",
      "content_type": 12,
      "codename": "delete_about_us"
   }
},
{
   "model": "auth.permission",
   "pk": 48,
   "fields": {
      "name": "Can view \u041e \u043a\u043e\u043c\u043f\u0430\u043d\u0438\u0438 (\u0437\u0430\u043f\u0438\u0441\u044c)",
      "content_type": 12,
      "codename": "view_about_us"
   }
},
{
   "model": "auth.permission",
   "pk": 49,
   "fields": {
      "name": "Can add \u0413\u0430\u0440\u0430\u043d\u0442\u0438\u0438 (\u0437\u0430\u043f\u0438\u0441\u044c)",
      "content_type": 13,
      "codename": "add_guarantees"
   }
},
{
   "model": "auth.permission",
   "pk": 50,
   "fields": {
      "name": "Can change \u0413\u0430\u0440\u0430\u043d\u0442\u0438\u0438 (\u0437\u0430\u043f\u0438\u0441\u044c)",
      "content_type": 13,
      "codename": "change_guarantees"
   }
},
{
   "model": "auth.permission",
   "pk": 51,
   "fields": {
      "name": "Can delete \u0413\u0430\u0440\u0430\u043d\u0442\u0438\u0438 (\u0437\u0430\u043f\u0438\u0441\u044c)",
      "content_type": 13,
      "codename": "delete_guarantees"
   }
},
{
   "model": "auth.permission",
   "pk": 52,
   "fields": {
      "name": "Can view \u0413\u0430\u0440\u0430\u043d\u0442\u0438\u0438 (\u0437\u0430\u043f\u0438\u0441\u044c)",
      "content_type": 13,
      "codename": "view_guarantees"
   }
},
{
   "model": "auth.permission",
   "pk": 53,
   "fields": {
      "name": "Can add \u041a\u043e\u043d\u0442\u0430\u043a\u0442",
      "content_type": 14,
      "codename": "add_contacts"
   }
},
{
   "model": "auth.permission",
   "pk": 54,
   "fields": {
      "name": "Can change \u041a\u043e\u043d\u0442\u0430\u043a\u0442",
      "content_type": 14,
      "codename": "change_contacts"
   }
},
{
   "model": "auth.permission",
   "pk": 55,
   "fields": {
      "name": "Can delete \u041a\u043e\u043d\u0442\u0430\u043a\u0442",
      "content_type": 14,
      "codename": "delete_contacts"
   }
},
{
   "model": "auth.permission",
   "pk": 56,
   "fields": {
      "name": "Can view \u041a\u043e\u043d\u0442\u0430\u043a\u0442",
      "content_type": 14,
      "codename": "view_contacts"
   }
},
{
   "model": "auth.user",
   "pk": 1,
   "fields": {
      "password": "pbkdf2_sha256$120000$8U5UF0oZFC6V$sSibq/QG2Rj37WMQDFgRDLNBERUuf8hm4u3gF44nAeA=",
      "last_login": "2019-04-08T15:56:32.984Z",
      "is_superuser": true,
      "username": "admin",
      "first_name": "",
      "last_name": "",
      "email": "aspirpd@gmail.com",
      "is_staff": true,
      "is_active": true,
      "date_joined": "2019-03-29T12:47:36.485Z",
      "groups": [],
      "user_permissions": []
   }
},
{
   "model": "admin.logentry",
   "pk": 1,
   "fields": {
      "action_time": "2019-03-29T12:48:59.162Z",
      "user": 1,
      "content_type": 8,
      "object_id": "1",
      "object_repr": "\u041c\u0435\u0431\u0435\u043b\u044c",
      "action_flag": 1,
      "change_message": "[{\"added\": {}}]"
   }
},
{
   "model": "admin.logentry",
   "pk": 2,
   "fields": {
      "action_time": "2019-03-29T12:50:10.665Z",
      "user": 1,
      "content_type": 9,
      "object_id": "1",
      "object_repr": "\u0414\u0438\u0432\u0430\u043d \"\u0410\u043a\u043a\u043e\u0440\u0434\u0435\u043e\u043d\"",
      "action_flag": 1,
      "change_message": "[{\"added\": {}}, {\"added\": {\"name\": \"\\u0424\\u043e\\u0442\\u043e\\u0433\\u0440\\u0430\\u0444\\u0438\\u044f \\u043c\\u0435\\u0431\\u0435\\u043b\\u0438\", \"object\": \"1\"}}]"
   }
},
{
   "model": "admin.logentry",
   "pk": 3,
   "fields": {
      "action_time": "2019-03-29T13:50:49.776Z",
      "user": 1,
      "content_type": 9,
      "object_id": "1",
      "object_repr": "\u0414\u0438\u0432\u0430\u043d \"\u0410\u043a\u043a\u043e\u0440\u0434\u0435\u043e\u043d\"",
      "action_flag": 2,
      "change_message": "[{\"changed\": {\"fields\": [\"price\"]}}]"
   }
},
{
   "model": "admin.logentry",
   "pk": 4,
   "fields": {
      "action_time": "2019-03-29T14:43:27.041Z",
      "user": 1,
      "content_type": 9,
      "object_id": "2",
      "object_repr": "\u041c\u0435\u0431\u0435\u043b\u044c 2",
      "action_flag": 1,
      "change_message": "[{\"added\": {}}, {\"added\": {\"name\": \"\\u0424\\u043e\\u0442\\u043e\\u0433\\u0440\\u0430\\u0444\\u0438\\u044f \\u043c\\u0435\\u0431\\u0435\\u043b\\u0438\", \"object\": \"2\"}}]"
   }
},
{
   "model": "admin.logentry",
   "pk": 5,
   "fields": {
      "action_time": "2019-03-29T14:44:30.324Z",
      "user": 1,
      "content_type": 9,
      "object_id": "3",
      "object_repr": "\u041c\u0435\u0431\u0435\u043b\u044c 3",
      "action_flag": 1,
      "change_message": "[{\"added\": {}}, {\"added\": {\"name\": \"\\u0424\\u043e\\u0442\\u043e\\u0433\\u0440\\u0430\\u0444\\u0438\\u044f \\u043c\\u0435\\u0431\\u0435\\u043b\\u0438\", \"object\": \"3\"}}]"
   }
},
{
   "model": "admin.logentry",
   "pk": 6,
   "fields": {
      "action_time": "2019-03-29T14:44:59.599Z",
      "user": 1,
      "content_type": 9,
      "object_id": "1",
      "object_repr": "\u0414\u0438\u0432\u0430\u043d \"\u0410\u043a\u043a\u043e\u0440\u0434\u0435\u043e\u043d\"",
      "action_flag": 2,
      "change_message": "[{\"deleted\": {\"name\": \"\\u0424\\u043e\\u0442\\u043e\\u0433\\u0440\\u0430\\u0444\\u0438\\u044f \\u043c\\u0435\\u0431\\u0435\\u043b\\u0438\", \"object\": \"None\"}}]"
   }
},
{
   "model": "admin.logentry",
   "pk": 7,
   "fields": {
      "action_time": "2019-03-29T14:45:11.143Z",
      "user": 1,
      "content_type": 9,
      "object_id": "1",
      "object_repr": "\u0414\u0438\u0432\u0430\u043d \"\u0410\u043a\u043a\u043e\u0440\u0434\u0435\u043e\u043d\"",
      "action_flag": 2,
      "change_message": "[{\"added\": {\"name\": \"\\u0424\\u043e\\u0442\\u043e\\u0433\\u0440\\u0430\\u0444\\u0438\\u044f \\u043c\\u0435\\u0431\\u0435\\u043b\\u0438\", \"object\": \"4\"}}]"
   }
},
{
   "model": "admin.logentry",
   "pk": 8,
   "fields": {
      "action_time": "2019-03-29T14:45:28.777Z",
      "user": 1,
      "content_type": 9,
      "object_id": "1",
      "object_repr": "\u041c\u0435\u0431\u0435\u043b\u044c 1",
      "action_flag": 2,
      "change_message": "[{\"changed\": {\"fields\": [\"name\"]}}]"
   }
},
{
   "model": "admin.logentry",
   "pk": 9,
   "fields": {
      "action_time": "2019-03-29T14:46:07.309Z",
      "user": 1,
      "content_type": 9,
      "object_id": "4",
      "object_repr": "\u041c\u0435\u0431\u0435\u043b\u044c 3",
      "action_flag": 1,
      "change_message": "[{\"added\": {}}, {\"added\": {\"name\": \"\\u0424\\u043e\\u0442\\u043e\\u0433\\u0440\\u0430\\u0444\\u0438\\u044f \\u043c\\u0435\\u0431\\u0435\\u043b\\u0438\", \"object\": \"5\"}}]"
   }
},
{
   "model": "admin.logentry",
   "pk": 10,
   "fields": {
      "action_time": "2019-03-29T14:46:48.293Z",
      "user": 1,
      "content_type": 9,
      "object_id": "5",
      "object_repr": "\u041c\u0435\u0431\u0435\u043b\u044c 5",
      "action_flag": 1,
      "change_message": "[{\"added\": {}}, {\"added\": {\"name\": \"\\u0424\\u043e\\u0442\\u043e\\u0433\\u0440\\u0430\\u0444\\u0438\\u044f \\u043c\\u0435\\u0431\\u0435\\u043b\\u0438\", \"object\": \"6\"}}, {\"added\": {\"name\": \"\\u0424\\u043e\\u0442\\u043e\\u0433\\u0440\\u0430\\u0444\\u0438\\u044f \\u043c\\u0435\\u0431\\u0435\\u043b\\u0438\", \"object\": \"7\"}}, {\"added\": {\"name\": \"\\u0424\\u043e\\u0442\\u043e\\u0433\\u0440\\u0430\\u0444\\u0438\\u044f \\u043c\\u0435\\u0431\\u0435\\u043b\\u0438\", \"object\": \"8\"}}]"
   }
},
{
   "model": "admin.logentry",
   "pk": 11,
   "fields": {
      "action_time": "2019-03-29T14:48:41.220Z",
      "user": 1,
      "content_type": 9,
      "object_id": "6",
      "object_repr": "\u041c\u0435\u0431\u0435\u043b\u044c 6",
      "action_flag": 1,
      "change_message": "[{\"added\": {}}, {\"added\": {\"name\": \"\\u0424\\u043e\\u0442\\u043e\\u0433\\u0440\\u0430\\u0444\\u0438\\u044f \\u043c\\u0435\\u0431\\u0435\\u043b\\u0438\", \"object\": \"9\"}}, {\"added\": {\"name\": \"\\u0424\\u043e\\u0442\\u043e\\u0433\\u0440\\u0430\\u0444\\u0438\\u044f \\u043c\\u0435\\u0431\\u0435\\u043b\\u0438\", \"object\": \"10\"}}, {\"added\": {\"name\": \"\\u0424\\u043e\\u0442\\u043e\\u0433\\u0440\\u0430\\u0444\\u0438\\u044f \\u043c\\u0435\\u0431\\u0435\\u043b\\u0438\", \"object\": \"11\"}}]"
   }
},
{
   "model": "admin.logentry",
   "pk": 12,
   "fields": {
      "action_time": "2019-03-31T17:41:02.873Z",
      "user": 1,
      "content_type": 9,
      "object_id": "7",
      "object_repr": "\u0414\u0438\u0432\u0430\u043d 7",
      "action_flag": 1,
      "change_message": "[{\"added\": {}}, {\"added\": {\"name\": \"\\u0424\\u043e\\u0442\\u043e\\u0433\\u0440\\u0430\\u0444\\u0438\\u044f \\u043c\\u0435\\u0431\\u0435\\u043b\\u0438\", \"object\": \"12\"}}, {\"added\": {\"name\": \"\\u0424\\u043e\\u0442\\u043e\\u0433\\u0440\\u0430\\u0444\\u0438\\u044f \\u043c\\u0435\\u0431\\u0435\\u043b\\u0438\", \"object\": \"13\"}}, {\"added\": {\"name\": \"\\u0424\\u043e\\u0442\\u043e\\u0433\\u0440\\u0430\\u0444\\u0438\\u044f \\u043c\\u0435\\u0431\\u0435\\u043b\\u0438\", \"object\": \"14\"}}]"
   }
},
{
   "model": "admin.logentry",
   "pk": 13,
   "fields": {
      "action_time": "2019-03-31T17:45:30.626Z",
      "user": 1,
      "content_type": 9,
      "object_id": "8",
      "object_repr": "\u041c\u0435\u0431\u0435\u043b\u044c 8",
      "action_flag": 1,
      "change_message": "[{\"added\": {}}, {\"added\": {\"name\": \"\\u0424\\u043e\\u0442\\u043e\\u0433\\u0440\\u0430\\u0444\\u0438\\u044f \\u043c\\u0435\\u0431\\u0435\\u043b\\u0438\", \"object\": \"15\"}}, {\"added\": {\"name\": \"\\u0424\\u043e\\u0442\\u043e\\u0433\\u0440\\u0430\\u0444\\u0438\\u044f \\u043c\\u0435\\u0431\\u0435\\u043b\\u0438\", \"object\": \"16\"}}, {\"added\": {\"name\": \"\\u0424\\u043e\\u0442\\u043e\\u0433\\u0440\\u0430\\u0444\\u0438\\u044f \\u043c\\u0435\\u0431\\u0435\\u043b\\u0438\", \"object\": \"17\"}}]"
   }
},
{
   "model": "admin.logentry",
   "pk": 14,
   "fields": {
      "action_time": "2019-03-31T17:46:35.340Z",
      "user": 1,
      "content_type": 7,
      "object_id": "2",
      "object_repr": "\u041f\u043e\u0447\u0442\u0430: aspirpd@gmail.com",
      "action_flag": 3,
      "change_message": ""
   }
},
{
   "model": "admin.logentry",
   "pk": 15,
   "fields": {
      "action_time": "2019-04-01T08:59:04.095Z",
      "user": 1,
      "content_type": 9,
      "object_id": "9",
      "object_repr": "\u041c\u0435\u0431\u0435\u043b\u044c 9",
      "action_flag": 1,
      "change_message": "[{\"added\": {}}, {\"added\": {\"name\": \"\\u0424\\u043e\\u0442\\u043e\\u0433\\u0440\\u0430\\u0444\\u0438\\u044f \\u043c\\u0435\\u0431\\u0435\\u043b\\u0438\", \"object\": \"18\"}}, {\"added\": {\"name\": \"\\u0424\\u043e\\u0442\\u043e\\u0433\\u0440\\u0430\\u0444\\u0438\\u044f \\u043c\\u0435\\u0431\\u0435\\u043b\\u0438\", \"object\": \"19\"}}, {\"added\": {\"name\": \"\\u0424\\u043e\\u0442\\u043e\\u0433\\u0440\\u0430\\u0444\\u0438\\u044f \\u043c\\u0435\\u0431\\u0435\\u043b\\u0438\", \"object\": \"20\"}}, {\"added\": {\"name\": \"\\u0424\\u043e\\u0442\\u043e\\u0433\\u0440\\u0430\\u0444\\u0438\\u044f \\u043c\\u0435\\u0431\\u0435\\u043b\\u0438\", \"object\": \"21\"}}]"
   }
},
{
   "model": "admin.logentry",
   "pk": 16,
   "fields": {
      "action_time": "2019-04-01T08:59:11.255Z",
      "user": 1,
      "content_type": 9,
      "object_id": "9",
      "object_repr": "\u041c\u0435\u0431\u0435\u043b\u044c 9",
      "action_flag": 2,
      "change_message": "[]"
   }
},
{
   "model": "admin.logentry",
   "pk": 17,
   "fields": {
      "action_time": "2019-04-03T09:22:57.973Z",
      "user": 1,
      "content_type": 9,
      "object_id": "10",
      "object_repr": "\u041c\u0435\u0431\u0435\u043b\u044c 10",
      "action_flag": 1,
      "change_message": "[{\"added\": {}}, {\"added\": {\"name\": \"\\u0424\\u043e\\u0442\\u043e\\u0433\\u0440\\u0430\\u0444\\u0438\\u044f \\u043c\\u0435\\u0431\\u0435\\u043b\\u0438\", \"object\": \"22\"}}, {\"added\": {\"name\": \"\\u0424\\u043e\\u0442\\u043e\\u0433\\u0440\\u0430\\u0444\\u0438\\u044f \\u043c\\u0435\\u0431\\u0435\\u043b\\u0438\", \"object\": \"23\"}}, {\"added\": {\"name\": \"\\u0424\\u043e\\u0442\\u043e\\u0433\\u0440\\u0430\\u0444\\u0438\\u044f \\u043c\\u0435\\u0431\\u0435\\u043b\\u0438\", \"object\": \"24\"}}]"
   }
},
{
   "model": "admin.logentry",
   "pk": 18,
   "fields": {
      "action_time": "2019-04-03T13:09:54.429Z",
      "user": 1,
      "content_type": 9,
      "object_id": "10",
      "object_repr": "\u041c\u0435\u0431\u0435\u043b\u044c 10",
      "action_flag": 2,
      "change_message": "[{\"added\": {\"name\": \"\\u0424\\u043e\\u0442\\u043e\\u0433\\u0440\\u0430\\u0444\\u0438\\u044f \\u043c\\u0435\\u0431\\u0435\\u043b\\u0438\", \"object\": \"25\"}}]"
   }
},
{
   "model": "admin.logentry",
   "pk": 19,
   "fields": {
      "action_time": "2019-04-03T13:10:47.593Z",
      "user": 1,
      "content_type": 9,
      "object_id": "10",
      "object_repr": "Sofa_10",
      "action_flag": 2,
      "change_message": "[{\"changed\": {\"fields\": [\"name\"]}}]"
   }
},
{
   "model": "admin.logentry",
   "pk": 20,
   "fields": {
      "action_time": "2019-04-03T13:11:20.084Z",
      "user": 1,
      "content_type": 9,
      "object_id": "10",
      "object_repr": "Sofa_10",
      "action_flag": 2,
      "change_message": "[{\"changed\": {\"fields\": [\"price\"]}}]"
   }
},
{
   "model": "admin.logentry",
   "pk": 21,
   "fields": {
      "action_time": "2019-04-08T15:01:01.320Z",
      "user": 1,
      "content_type": 9,
      "object_id": "1",
      "object_repr": "\u041c\u0435\u0431\u0435\u043b\u044c 1",
      "action_flag": 2,
      "change_message": "[{\"changed\": {\"name\": \"\\u0424\\u043e\\u0442\\u043e\\u0433\\u0440\\u0430\\u0444\\u0438\\u044f \\u043c\\u0435\\u0431\\u0435\\u043b\\u0438\", \"object\": \"4\", \"fields\": [\"image\"]}}]"
   }
},
{
   "model": "admin.logentry",
   "pk": 22,
   "fields": {
      "action_time": "2019-04-08T15:56:45.687Z",
      "user": 1,
      "content_type": 9,
      "object_id": "1",
      "object_repr": "\u041c\u0435\u0431\u0435\u043b\u044c 1",
      "action_flag": 2,
      "change_message": "[{\"changed\": {\"name\": \"\\u0424\\u043e\\u0442\\u043e\\u0433\\u0440\\u0430\\u0444\\u0438\\u044f \\u043c\\u0435\\u0431\\u0435\\u043b\\u0438\", \"object\": \"4\", \"fields\": [\"image\"]}}]"
   }
},
{
   "model": "admin.logentry",
   "pk": 23,
   "fields": {
      "action_time": "2019-04-08T17:03:33.772Z",
      "user": 1,
      "content_type": 12,
      "object_id": "1",
      "object_repr": "",
      "action_flag": 1,
      "change_message": "[{\"added\": {}}, {\"added\": {\"name\": \"\\u0424\\u043e\\u0442\\u043e\\u0433\\u0440\\u0430\\u0444\\u0438\\u044f \\u043a \\u0432\\u043a\\u043b\\u0430\\u0434\\u043a\\u0435 \\\"\\u041e \\u043a\\u043e\\u043c\\u043f\\u0430\\u043d\\u0438\\u0438\\\"\", \"object\": \"1\"}}]"
   }
},
{
   "model": "admin.logentry",
   "pk": 24,
   "fields": {
      "action_time": "2019-04-08T17:06:10.350Z",
      "user": 1,
      "content_type": 12,
      "object_id": "1",
      "object_repr": "\u0417\u0434\u0435\u0441\u044c \u0412\u044b \u043c\u043e\u0436\u0435\u0442\u0435 \u043f\u0438\u0441\u0430\u0442\u044c \u0441\u0432\u043e\u0439 \u0442\u0435\u043a\u0441\u0442 \u043e \u043a\u043e\u043c\u043f\u0430\u043d\u0438\u0438. \u0427\u0438\u0441\u043b\u043e \u0441\u0438\u043c\u0432\u043e\u043b\u043e\u0432 \u043d\u0435 \u043e\u0433\u0440\u0430\u043d\u0438\u0447\u0435\u043d\u043e. \u0422\u0415\u041a\u0421\u0422 \u0422\u0415\u041a\u0421\u0422 \u0422\u0415\u041a\u0421\u0422\u0415\u041a\u0421\u0422 \u0422\u0415\u041a\u0421\u0422 \u0422\u0415\u041a\u0421\u0422\u0415\u041a\u0421\u0422 \u0422\u0415\u041a\u0421\u0422 \u0422\u0415\u041a\u0421\u0422\u0415\u041a\u0421\u0422 \u0422\u0415\u041a\u0421\u0422 \u0422\u0415\u041a\u0421\u0422\u0415\u041a\u0421\u0422 \u0422\u0415\u041a\u0421\u0422 \u0422\u0415\u041a\u0421\u0422\u0415\u041a\u0421\u0422 \u0422\u0415\u041a\u0421\u0422 \u0422\u0415\u041a\u0421\u0422\u0415\u041a\u0421\u0422 \u0422\u0415\u041a\u0421\u0422 \u0422\u0415\u041a\u0421\u0422\u0415\u041a\u0421\u0422 \u0422\u0415\u041a\u0421\u0422 ",
      "action_flag": 2,
      "change_message": "[{\"changed\": {\"fields\": [\"description\"]}}]"
   }
},
{
   "model": "admin.logentry",
   "pk": 25,
   "fields": {
      "action_time": "2019-04-08T18:13:03.340Z",
      "user": 1,
      "content_type": 13,
      "object_id": "1",
      "object_repr": "\u0417\u0434\u0435\u0441\u044c \u0412\u044b \u043c\u043e\u0436\u0435\u0442\u0435 \u043d\u0430\u043f\u0438\u0441\u0430\u0442\u044c \u0433\u0430\u0440\u0430\u043d\u0442\u0438\u0438, \u043a\u043e\u0442\u043e\u0440\u044b\u0435 \u0445\u043e\u0442\u0435\u043b\u0438. \u0422\u043e, \u0447\u0442\u043e \u0437\u0434\u0435\u0441\u044c \u0431\u0443\u0434\u0435\u0442 \u043d\u0430\u043f\u0438\u0441\u0430\u043d\u043e, \u0442\u043e \u0438 \u043f\u043e\u043f\u0430\u0434\u0435\u0442 \u043d\u0430 \u0441\u0430\u0439\u0442. \u0411\u0443\u0434\u044c\u0442\u0435 \u0432\u043d\u0438\u043c\u0430\u0442\u0435\u043b\u044c\u043d\u044b! \u0422\u0415\u041a\u0421\u0422\u0422\u0415\u041a\u0421\u0422\u0422\u0415\u041a\u0421\u0422\u0422\u0415\u041a\u0421\u0422\u0422\u0415\u041a\u0421\u0422\u0422\u0415\u041a\u0421\u0422\u0422\u0415\u041a\u0421\u0422\u0422\u0415\u041a\u0421\u0422\u0422\u0415\u041a\u0421\u0422\u0422\u0415\u041a\u0421\u0422\u0422\u0415\u041a\u0421\u0422\u0422\u0415\u041a\u0421\u0422\u0422\u0415\u041a\u0421\u0422\u0422\u0415\u041a\u0421\u0422\u0422\u0415\u041a\u0421\u0422\u0422\u0415",
      "action_flag": 1,
      "change_message": "[{\"added\": {}}]"
   }
},
{
   "model": "admin.logentry",
   "pk": 26,
   "fields": {
      "action_time": "2019-04-08T18:19:15.776Z",
      "user": 1,
      "content_type": 13,
      "object_id": "1",
      "object_repr": "\u0417\u0434\u0435\u0441\u044c \u0412\u044b \u043c\u043e\u0436\u0435\u0442\u0435 \u043d\u0430\u043f\u0438\u0441\u0430\u0442\u044c \u0433\u0430\u0440\u0430\u043d\u0442\u0438\u0438, \u043a\u043e\u0442\u043e\u0440\u044b\u0435 \u0445\u043e\u0442\u0435\u043b\u0438. \u0422\u043e, \u0447\u0442\u043e \u0437\u0434\u0435\u0441\u044c \u0431\u0443\u0434\u0435\u0442 \u043d\u0430\u043f\u0438\u0441\u0430\u043d\u043e, \u0442\u043e \u0438 \u043f\u043e\u043f\u0430\u0434\u0435\u0442 \u043d\u0430 \u0441\u0430\u0439\u0442. \u0411\u0443\u0434\u044c\u0442\u0435 \u0432\u043d\u0438\u043c\u0430\u0442\u0435\u043b\u044c\u043d\u044b! \u0422\u0415\u041a\u0421\u0422\u0422\u0415\u041a\u0421\u0422\u0422\u0415\u041a\u0421\u0422\u0422\u0415\u041a\u0421\u0422\u0422\u0415\u041a\u0421\u0422\u0422\u0415\u041a\u0421\u0422\u0422\u0415\u041a\u0421\u0422\u0422\u0415\u041a\u0421\u0422\u0422\u0415\u041a\u0421\u0422\u0422\u0415\u041a\u0421\u0422\u0422\u0415\u041a\u0421\u0422\u0422\u0415\u041a\u0421\u0422\u0422\u0415\u041a\u0421\u0422\u0422\u0415\u041a\u0421\u0422\u0422\u0415\u041a\u0421\u0422\u0422\u0415",
      "action_flag": 2,
      "change_message": "[]"
   }
},
{
   "model": "admin.logentry",
   "pk": 27,
   "fields": {
      "action_time": "2019-04-08T18:26:09.679Z",
      "user": 1,
      "content_type": 13,
      "object_id": "1",
      "object_repr": "\u0417\u0434\u0435\u0441\u044c \u0412\u044b \u043c\u043e\u0436\u0435\u0442\u0435 \u043d\u0430\u043f\u0438\u0441\u0430\u0442\u044c \u0433\u0430\u0440\u0430\u043d\u0442\u0438\u0438, \u043a\u043e\u0442\u043e\u0440\u044b\u0435 \u0445\u043e\u0442\u0435\u043b\u0438. \u0422\u043e, \u0447\u0442\u043e \u0437\u0434\u0435\u0441\u044c \u0431\u0443\u0434\u0435\u0442 \u043d\u0430\u043f\u0438\u0441\u0430\u043d\u043e, \u0442\u043e \u0438 \u043f\u043e\u043f\u0430\u0434\u0435\u0442 \u043d\u0430 \u0441\u0430\u0439\u0442. \u0411\u0443\u0434\u044c\u0442\u0435 \u0432\u043d\u0438\u043c\u0430\u0442\u0435\u043b\u044c\u043d\u044b! \u0422\u0415\u041a\u0421\u0422 \u0422\u0415\u041a\u0421\u0422 \u0422\u0415\u041a\u0421\u0422 \u0422\u0415\u041a\u0421\u0422 \u0422\u0415\u041a\u0421\u0422 \u0422\u0415\u041a\u0421\u0422 \u0422\u0415\u041a\u0421\u0422 \u0422\u0415\u041a\u0421\u0422 \u0422\u0415\u041a\u0421\u0422 \u0422\u0415\u041a\u0421\u0422 \u0422\u0415\u041a\u0421\u0422 \u0422\u0415\u041a\u0421\u0422 \u0422\u0415\u041a\u0421\u0422",
      "action_flag": 2,
      "change_message": "[{\"changed\": {\"fields\": [\"description\"]}}]"
   }
},
{
   "model": "admin.logentry",
   "pk": 28,
   "fields": {
      "action_time": "2019-04-08T18:46:36.127Z",
      "user": 1,
      "content_type": 14,
      "object_id": "1",
      "object_repr": "\u041f\u043e\u0447\u0442\u0430: echorisestudio@gmail.com, \u0442\u0435\u043b\u0435\u0444\u043e\u043d: 8-950-879-0881",
      "action_flag": 1,
      "change_message": "[{\"added\": {}}]"
   }
},
{
   "model": "admin.logentry",
   "pk": 29,
   "fields": {
      "action_time": "2019-04-08T19:00:08.800Z",
      "user": 1,
      "content_type": 12,
      "object_id": "2",
      "object_repr": "dddddddddddddddddddddddddddddddddd",
      "action_flag": 1,
      "change_message": "[{\"added\": {}}, {\"added\": {\"name\": \"\\u0424\\u043e\\u0442\\u043e\\u0433\\u0440\\u0430\\u0444\\u0438\\u044f \\u043a \\u0432\\u043a\\u043b\\u0430\\u0434\\u043a\\u0435 \\\"\\u041e \\u043a\\u043e\\u043c\\u043f\\u0430\\u043d\\u0438\\u0438\\\"\", \"object\": \"2\"}}]"
   }
},
{
   "model": "admin.logentry",
   "pk": 30,
   "fields": {
      "action_time": "2019-04-08T19:00:34.377Z",
      "user": 1,
      "content_type": 12,
      "object_id": "2",
      "object_repr": "dddddddddddddddddddddddddddddddddd",
      "action_flag": 3,
      "change_message": ""
   }
},
{
   "model": "admin.logentry",
   "pk": 31,
   "fields": {
      "action_time": "2019-04-08T19:08:02.373Z",
      "user": 1,
      "content_type": 14,
      "object_id": "1",
      "object_repr": "\u041f\u043e\u0447\u0442\u0430: echo@gmail.com, \u0442\u0435\u043b\u0435\u0444\u043e\u043d: 8-950-879-9999",
      "action_flag": 2,
      "change_message": "[{\"changed\": {\"fields\": [\"email\", \"phone\", \"description\"]}}]"
   }
}
]
